Variable,Cohen_d
Intelligence,0.1987180028664865
Kindness,0.16604711420467447
Sophistication,0.1568792387783552
Aggression,-0.1429677956769493
Emotional,0.09251522919475526
Laziness,-0.16629646941956663
Factual,0.0
