Trait,AAVE_Mean,AAVE_Std,SAE_Mean,SAE_Std,t_Stat,p_Value,Cohen_d,Cohen_d_Interpretation
Intelligence,4.85992218,1.775437,6.47081712,1.9705162,-9.73639788,0.0,0.86058412,Large
Kindness,5.57198444,2.62419503,7.3540856,2.08863948,-8.51815503,0.0,0.75290565,Medium
Sophistication,4.73151751,2.02954227,6.69649805,1.73467266,-11.79877659,0.0,1.04287437,Large
Aggression,4.96498054,2.75474365,3.70817121,2.67592919,5.24628146,2.3e-07,-0.46371015,Small
Emotional,6.64202335,1.43758987,6.81322957,1.56004184,-1.29378106,0.19632438,0.11435517,Negligible
Laziness,4.31906615,2.30644188,3.84824903,2.14064253,2.39859436,0.0168149,-0.21200779,Small
Factual,5.09727626,2.89838862,6.89105058,2.85108903,-7.07304262,0.0,0.62517455,Medium
